<?xml version = '1.0' encoding = 'UTF-8'?>
<Relation class="oracle.dbtools.crest.model.design.logical.Relation" name="Relation_6" directorySegmentName="seg_0" id="23BBC7F7-B25E-9154-AA51-B25C990D5DB0">
<createdBy>Pedroso</createdBy>
<createdTime>2023-04-18 21:59:06 UTC</createdTime>
<ownerDesignName>ModelagemHealthTech</ownerDesignName>
<engineerTo>
<item key="58DF281E-9179-454A-37C2-41EF01A93542" value="true"/>
</engineerTo>
<sourcePk>8D36E8BC-FAEC-6E17-3819-23CEA1D57C83</sourcePk>
<identifying>false</identifying>
<optionalSource>true</optionalSource>
<optionalTarget>false</optionalTarget>
<sourceCardinality>1</sourceCardinality>
<sourceEntity>C5FB9625-C84A-DBA4-8FD6-8CFA85832DA5</sourceEntity>
<targetCardinalityString>*</targetCardinalityString>
<targetEntity>1393ABC2-60A7-812A-1207-7075C0782EAB</targetEntity>
<transferable>true</transferable>
<deleteRule>NO ACTION</deleteRule>
</Relation>
