<?xml version = '1.0' encoding = 'UTF-8'?>
<Table class="oracle.dbtools.crest.model.design.relational.Table" directorySegmentName="seg_0" id="3A2723CF-10F9-999E-2677-9B2CAC88829C" name="T_MEDICO">
<createdBy>Pedroso</createdBy>
<createdTime>2023-04-18 23:56:51 UTC</createdTime>
<generatorID>C5FB9625-C84A-DBA4-8FD6-8CFA85832DA5</generatorID>
<ownerDesignName>ModelagemHealthTech</ownerDesignName>
<allowColumnReorder>false</allowColumnReorder>
<existDependencyGenerateInDDl>true</existDependencyGenerateInDDl>
<parsed>true</parsed>
<columns itemClass="oracle.dbtools.crest.model.design.relational.Column">
<Column name="id_medico" id="E7217C6D-9E1D-3F2B-6BD6-548BF337C458">
<createdBy>Pedroso</createdBy>
<createdTime>2023-04-18 23:56:51 UTC</createdTime>
<generatorID>EA6A11C4-5D10-497C-4077-03AEE9856E1F</generatorID>
<ownerDesignName>ModelagemHealthTech</ownerDesignName>
<useDomainConstraints>false</useDomainConstraints>
<use>1</use>
<logicalDatatype>LOGDT019</logicalDatatype>
<dataTypePrecision>8</dataTypePrecision>
<ownDataTypeParameters>,8,</ownDataTypeParameters>
<autoIncrementCycle>false</autoIncrementCycle>
</Column>
<Column name="nm_medico" id="8D6E21B8-FC17-A488-E45B-5BCA8F3FCC01">
<createdBy>Pedroso</createdBy>
<createdTime>2023-04-18 23:56:51 UTC</createdTime>
<generatorID>C1B0F21F-B5BE-2BCB-0955-6FF89A49A96A</generatorID>
<ownerDesignName>ModelagemHealthTech</ownerDesignName>
<useDomainConstraints>false</useDomainConstraints>
<use>1</use>
<logicalDatatype>LOGDT024</logicalDatatype>
<dataTypeSize>120</dataTypeSize>
<ownDataTypeParameters>120,,</ownDataTypeParameters>
<autoIncrementCycle>false</autoIncrementCycle>
</Column>
<Column name="nr_crm" id="E6E9DD52-275A-0A82-33EC-ABA4F11452FF">
<createdBy>Pedroso</createdBy>
<createdTime>2023-04-18 23:56:51 UTC</createdTime>
<generatorID>339C0353-B5CB-1934-8D1E-20ED204D3972</generatorID>
<ownerDesignName>ModelagemHealthTech</ownerDesignName>
<useDomainConstraints>false</useDomainConstraints>
<use>1</use>
<logicalDatatype>LOGDT019</logicalDatatype>
<dataTypePrecision>6</dataTypePrecision>
<ownDataTypeParameters>,6,</ownDataTypeParameters>
<autoIncrementCycle>false</autoIncrementCycle>
</Column>
<Column name="dt_contratacao" id="1740B350-E7A2-3AA7-252B-97291C1E13F1">
<createdBy>Pedroso</createdBy>
<createdTime>2023-04-18 23:56:51 UTC</createdTime>
<generatorID>6C24021C-B856-B253-4338-AC7FF5963A5C</generatorID>
<ownerDesignName>ModelagemHealthTech</ownerDesignName>
<useDomainConstraints>false</useDomainConstraints>
<use>1</use>
<logicalDatatype>LOGDT008</logicalDatatype>
<ownDataTypeParameters>,,</ownDataTypeParameters>
<autoIncrementCycle>false</autoIncrementCycle>
</Column>
<Column name="dt_nascimento" id="07FEF87F-E783-6FD2-21FE-352F4A78E11C">
<createdBy>Pedroso</createdBy>
<createdTime>2023-04-18 23:56:51 UTC</createdTime>
<generatorID>613A259D-062C-1841-5F12-A447ADDA1F79</generatorID>
<ownerDesignName>ModelagemHealthTech</ownerDesignName>
<useDomainConstraints>false</useDomainConstraints>
<use>1</use>
<logicalDatatype>LOGDT008</logicalDatatype>
<ownDataTypeParameters>,,</ownDataTypeParameters>
<autoIncrementCycle>false</autoIncrementCycle>
</Column>
</columns>
<indexes itemClass="oracle.dbtools.crest.model.design.relational.Index">
<ind_PK_UK id="8B35A5CD-3DA1-A09E-C53D-DC6C842782D4" name="T_MEDICO_PK">
<createdBy>Pedroso</createdBy>
<createdTime>2023-04-18 23:56:51 UTC</createdTime>
<generatorID>8D36E8BC-FAEC-6E17-3819-23CEA1D57C83</generatorID>
<ownerDesignName>ModelagemHealthTech</ownerDesignName>
<pk>true</pk>
<indexState>Primary Constraint</indexState>
<isSurrogateKey>false</isSurrogateKey>
<indexColumnUsage>
<colUsage columnID="E7217C6D-9E1D-3F2B-6BD6-548BF337C458"/>
</indexColumnUsage>
</ind_PK_UK>
</indexes>
</Table>
