<?xml version = '1.0' encoding = 'UTF-8'?>
<Table class="oracle.dbtools.crest.model.design.relational.Table" directorySegmentName="seg_0" id="6169865B-FB6E-221D-D9CA-544E4F44C5C5" name="T_PACIENTE">
<createdBy>Pedroso</createdBy>
<createdTime>2023-04-18 23:56:51 UTC</createdTime>
<generatorID>30F11ACB-7490-418C-8F8F-B55A55A1DE73</generatorID>
<ownerDesignName>ModelagemHealthTech</ownerDesignName>
<allowColumnReorder>false</allowColumnReorder>
<existDependencyGenerateInDDl>true</existDependencyGenerateInDDl>
<parsed>true</parsed>
<columns itemClass="oracle.dbtools.crest.model.design.relational.Column">
<Column name="id_paciente" id="D18BDBA0-B35A-DBFB-71A9-9F8C3C1B5158">
<createdBy>Pedroso</createdBy>
<createdTime>2023-04-18 23:56:51 UTC</createdTime>
<generatorID>1473150A-9B48-4783-D5EB-2380CB12E645</generatorID>
<ownerDesignName>ModelagemHealthTech</ownerDesignName>
<useDomainConstraints>false</useDomainConstraints>
<use>1</use>
<logicalDatatype>LOGDT019</logicalDatatype>
<dataTypePrecision>8</dataTypePrecision>
<ownDataTypeParameters>,8,</ownDataTypeParameters>
<autoIncrementCycle>false</autoIncrementCycle>
</Column>
<Column name="nm_paciente" id="4EAF9064-5FBE-D6AF-84E8-25C354613183">
<createdBy>Pedroso</createdBy>
<createdTime>2023-04-18 23:56:51 UTC</createdTime>
<generatorID>E739E791-E2A9-CCE4-E202-2DB5BBD0C771</generatorID>
<ownerDesignName>ModelagemHealthTech</ownerDesignName>
<useDomainConstraints>false</useDomainConstraints>
<use>1</use>
<logicalDatatype>LOGDT024</logicalDatatype>
<dataTypeSize>120</dataTypeSize>
<ownDataTypeParameters>120,,</ownDataTypeParameters>
<autoIncrementCycle>false</autoIncrementCycle>
</Column>
<Column name="nr_cpf" id="8B1EC8BC-975B-4EEC-0BCF-92459123708D">
<createdBy>Pedroso</createdBy>
<createdTime>2023-04-18 23:56:51 UTC</createdTime>
<generatorID>FC12513A-9EF5-5B4C-84F1-E1892107BF4B</generatorID>
<ownerDesignName>ModelagemHealthTech</ownerDesignName>
<useDomainConstraints>false</useDomainConstraints>
<use>1</use>
<logicalDatatype>LOGDT019</logicalDatatype>
<dataTypePrecision>11</dataTypePrecision>
<ownDataTypeParameters>,11,</ownDataTypeParameters>
<autoIncrementCycle>false</autoIncrementCycle>
</Column>
<Column name="ds_email" id="08301188-2675-51F2-274B-5EC3D8B5A5AA">
<createdBy>Pedroso</createdBy>
<createdTime>2023-04-18 23:56:51 UTC</createdTime>
<generatorID>242CA113-6B8F-1B42-6DBB-278FE36A61A5</generatorID>
<ownerDesignName>ModelagemHealthTech</ownerDesignName>
<useDomainConstraints>false</useDomainConstraints>
<use>1</use>
<logicalDatatype>LOGDT024</logicalDatatype>
<dataTypeSize>200</dataTypeSize>
<ownDataTypeParameters>200,,</ownDataTypeParameters>
<autoIncrementCycle>false</autoIncrementCycle>
</Column>
<Column name="sec_senha" id="3644E1EC-0B3A-789D-469F-7BD81BBBDADA">
<createdBy>Pedroso</createdBy>
<createdTime>2023-04-18 23:56:51 UTC</createdTime>
<generatorID>F5D9E97F-E227-E248-A246-AF723DAA702F</generatorID>
<ownerDesignName>ModelagemHealthTech</ownerDesignName>
<useDomainConstraints>false</useDomainConstraints>
<use>1</use>
<logicalDatatype>LOGDT024</logicalDatatype>
<dataTypeSize>250</dataTypeSize>
<ownDataTypeParameters>250,,</ownDataTypeParameters>
<autoIncrementCycle>false</autoIncrementCycle>
</Column>
</columns>
<indexes itemClass="oracle.dbtools.crest.model.design.relational.Index">
<ind_PK_UK id="0356074C-33CB-2003-C001-B3BB4D164370" name="T_PACIENTE_PK">
<createdBy>Pedroso</createdBy>
<createdTime>2023-04-18 23:56:51 UTC</createdTime>
<generatorID>4775824A-B1A8-A9B2-732D-0D0772AEA41F</generatorID>
<ownerDesignName>ModelagemHealthTech</ownerDesignName>
<pk>true</pk>
<indexState>Primary Constraint</indexState>
<isSurrogateKey>false</isSurrogateKey>
<indexColumnUsage>
<colUsage columnID="D18BDBA0-B35A-DBFB-71A9-9F8C3C1B5158"/>
</indexColumnUsage>
</ind_PK_UK>
</indexes>
</Table>
