<?xml version = '1.0' encoding = 'UTF-8'?>
<Table class="oracle.dbtools.crest.model.design.relational.Table" directorySegmentName="seg_0" id="D9EFF6F5-4ECB-6688-97B4-BC51BF84DF83" name="T_AGENDA">
<createdBy>Pedroso</createdBy>
<createdTime>2023-04-18 23:56:51 UTC</createdTime>
<generatorID>2457AD3E-FF2D-9592-9EA9-0E05DCEB2965</generatorID>
<ownerDesignName>ModelagemHealthTech</ownerDesignName>
<allowColumnReorder>false</allowColumnReorder>
<existDependencyGenerateInDDl>true</existDependencyGenerateInDDl>
<parsed>true</parsed>
<columns itemClass="oracle.dbtools.crest.model.design.relational.Column">
<Column name="id_medico" id="060958CF-3523-FFF0-D359-9F33B0C3DFEF">
<createdBy>Pedroso</createdBy>
<createdTime>2023-04-18 23:56:51 UTC</createdTime>
<generatorID>6F7C7B83-1B49-E725-8484-BF217EEC6541</generatorID>
<ownerDesignName>ModelagemHealthTech</ownerDesignName>
<useDomainConstraints>false</useDomainConstraints>
<use>1</use>
<logicalDatatype>LOGDT019</logicalDatatype>
<dataTypePrecision>8</dataTypePrecision>
<ownDataTypeParameters>,,</ownDataTypeParameters>
<previousColumn>false</previousColumn>
<autoIncrementCycle>false</autoIncrementCycle>
<associations>
<colAssociation fkAssociation="ECE4499A-36AE-7B59-4754-35A037CE7E44" referredColumn="E7217C6D-9E1D-3F2B-6BD6-548BF337C458"/>
</associations>
</Column>
<Column name="id_paciente" id="31C8C5FB-C859-1628-23BB-EE23BAD20813">
<createdBy>Pedroso</createdBy>
<createdTime>2023-04-18 23:56:51 UTC</createdTime>
<generatorID>A9815FAB-055A-D9D7-041A-81CCA0055EFE</generatorID>
<ownerDesignName>ModelagemHealthTech</ownerDesignName>
<useDomainConstraints>false</useDomainConstraints>
<use>1</use>
<logicalDatatype>LOGDT019</logicalDatatype>
<dataTypePrecision>8</dataTypePrecision>
<ownDataTypeParameters>,,</ownDataTypeParameters>
<previousColumn>false</previousColumn>
<autoIncrementCycle>false</autoIncrementCycle>
<associations>
<colAssociation fkAssociation="DF2805C3-2E8A-3B69-5E85-F9F4A124F696" referredColumn="D18BDBA0-B35A-DBFB-71A9-9F8C3C1B5158"/>
</associations>
</Column>
<Column name="id_medhosp" id="C1E53FE5-64BC-B6CB-4114-C03A8821432B">
<createdBy>Pedroso</createdBy>
<createdTime>2023-04-18 23:56:51 UTC</createdTime>
<generatorID>CABB164B-838D-C417-F7EB-8EE2DD52C873</generatorID>
<ownerDesignName>ModelagemHealthTech</ownerDesignName>
<useDomainConstraints>false</useDomainConstraints>
<use>1</use>
<logicalDatatype>LOGDT019</logicalDatatype>
<dataTypePrecision>8</dataTypePrecision>
<ownDataTypeParameters>,,</ownDataTypeParameters>
<previousColumn>false</previousColumn>
<autoIncrementCycle>false</autoIncrementCycle>
<associations>
<colAssociation fkAssociation="4AB48E12-FF82-A974-0868-6909D619AAAA" referredColumn="A943EDD3-CE9C-A136-370E-F1D3267AC0BE"/>
</associations>
</Column>
<Column name="dt_entrada" id="2715AAE6-6D57-531B-D472-B6023004A12E">
<createdBy>Pedroso</createdBy>
<createdTime>2023-04-18 23:56:51 UTC</createdTime>
<generatorID>DF3EA70E-DD02-7A86-A53A-5FCF916CD1EF</generatorID>
<ownerDesignName>ModelagemHealthTech</ownerDesignName>
<useDomainConstraints>false</useDomainConstraints>
<use>1</use>
<logicalDatatype>LOGDT008</logicalDatatype>
<ownDataTypeParameters>,,</ownDataTypeParameters>
<autoIncrementCycle>false</autoIncrementCycle>
</Column>
<Column name="dt_saida" id="32DD6FF9-EC71-8EA0-4C03-C758FB697CB9">
<createdBy>Pedroso</createdBy>
<createdTime>2023-04-18 23:56:51 UTC</createdTime>
<generatorID>0014FF2D-A821-C1C5-9387-5EE0BAE87D48</generatorID>
<ownerDesignName>ModelagemHealthTech</ownerDesignName>
<nullsAllowed>true</nullsAllowed>
<useDomainConstraints>false</useDomainConstraints>
<use>1</use>
<logicalDatatype>LOGDT008</logicalDatatype>
<ownDataTypeParameters>,,</ownDataTypeParameters>
<autoIncrementCycle>false</autoIncrementCycle>
</Column>
</columns>
<indexes itemClass="oracle.dbtools.crest.model.design.relational.Index">
<ind_PK_UK id="B9890BC8-4A68-E7B3-5F3F-F43C08EC0AFC" name="T_AGENDA_PK">
<createdBy>Pedroso</createdBy>
<createdTime>2023-04-18 23:56:51 UTC</createdTime>
<generatorID>FA64E247-692E-02EA-9B2C-9875032A880B</generatorID>
<ownerDesignName>ModelagemHealthTech</ownerDesignName>
<pk>true</pk>
<indexState>Primary Constraint</indexState>
<isSurrogateKey>false</isSurrogateKey>
<indexColumnUsage>
<colUsage columnID="060958CF-3523-FFF0-D359-9F33B0C3DFEF"/>
<colUsage columnID="31C8C5FB-C859-1628-23BB-EE23BAD20813"/>
<colUsage columnID="C1E53FE5-64BC-B6CB-4114-C03A8821432B"/>
</indexColumnUsage>
</ind_PK_UK>
<ind_PK_UK id="54D73EDB-2A16-8897-BB5F-F68F6C3AA438" name="T_AGENDA_T_MEDICO_FK">
<createdBy>Pedroso</createdBy>
<createdTime>2023-04-18 23:56:51 UTC</createdTime>
<generatorID>C8A2B589-E33C-2ED3-E065-1A2372B4C600</generatorID>
<ownerDesignName>ModelagemHealthTech</ownerDesignName>
<indexState>Foreign Key</indexState>
<isSurrogateKey>false</isSurrogateKey>
<indexColumnUsage>
<colUsage columnID="060958CF-3523-FFF0-D359-9F33B0C3DFEF"/>
</indexColumnUsage>
</ind_PK_UK>
<ind_PK_UK id="8D8A60F6-EB14-EB2E-2CC8-FC3466E4A594" name="T_AGENDA_T_PACIENTE_FK">
<createdBy>Pedroso</createdBy>
<createdTime>2023-04-18 23:56:51 UTC</createdTime>
<generatorID>C9FBF6CD-EFA3-04B2-A1E5-1033D3614D5E</generatorID>
<ownerDesignName>ModelagemHealthTech</ownerDesignName>
<indexState>Foreign Key</indexState>
<isSurrogateKey>false</isSurrogateKey>
<indexColumnUsage>
<colUsage columnID="31C8C5FB-C859-1628-23BB-EE23BAD20813"/>
</indexColumnUsage>
</ind_PK_UK>
<ind_PK_UK id="2D6752D8-95D5-1C1F-0E90-2BE0F6CF098E" name="T_AGENDA_HOSP_MEDICO_FK">
<createdBy>Pedroso</createdBy>
<createdTime>2023-04-18 23:56:51 UTC</createdTime>
<generatorID>9A63E909-54A0-64AA-4C9B-4B5CB0B8F420</generatorID>
<ownerDesignName>ModelagemHealthTech</ownerDesignName>
<indexState>Foreign Key</indexState>
<isSurrogateKey>false</isSurrogateKey>
<indexColumnUsage>
<colUsage columnID="C1E53FE5-64BC-B6CB-4114-C03A8821432B"/>
</indexColumnUsage>
</ind_PK_UK>
</indexes>
</Table>
