<?xml version = '1.0' encoding = 'UTF-8'?>
<relationalModel class="oracle.dbtools.crest.model.design.relational.RelationalDesign" name="Relational_1" id="58DF281E-9179-454A-37C2-41EF01A93542" mainViewID="C6B78FA8-375D-7759-343D-399C20B97A13">
<createdBy>Pedroso</createdBy>
<createdTime>2023-04-18 21:48:28 UTC</createdTime>
<ownerDesignName>HealthTech</ownerDesignName>
<shouldBeOpen>true</shouldBeOpen>
<selectedRDBMSSite>32076570-2523-435C-2E92-BF29817DFF70</selectedRDBMSSite>
</relationalModel>
