<?xml version = '1.0' encoding = 'UTF-8'?>
<FKIndexAssociation class="oracle.dbtools.crest.model.design.relational.FKIndexAssociation" directorySegmentName="seg_0" id="59FF9F56-3E6F-6B5B-DCD4-64B9A60AD853" containerWithKeyObject="77E04697-5E23-C203-0FDA-C172A765B976" localFKIndex="DDD78F3C-4368-5176-DE6B-408747D6B68E" name="MEDICO_ESPEC_T_MEDICO_FK">
<createdBy>Pedroso</createdBy>
<createdTime>2023-04-18 23:56:51 UTC</createdTime>
<generatorID>C783D5B0-8B70-4EB0-4FCD-A87E12BB2090</generatorID>
<ownerDesignName>ModelagemHealthTech</ownerDesignName>
<referredTableLongName>T_MEDICO</referredTableLongName>
<deleteRule>NO ACTION</deleteRule>
<referredTableID>3A2723CF-10F9-999E-2677-9B2CAC88829C</referredTableID>
<keyObject>8B35A5CD-3DA1-A09E-C53D-DC6C842782D4</keyObject>
<referredKeyID>8B35A5CD-3DA1-A09E-C53D-DC6C842782D4</referredKeyID>
<mandatory>true</mandatory>
<refColNames>id_medico</refColNames>
<transferable>true</transferable>
<rely>false</rely>
<columnDependencyConstraintGenerateInDDL>true</columnDependencyConstraintGenerateInDDL>
</FKIndexAssociation>
