<?xml version = '1.0' encoding = 'UTF-8'?>
<Entity class="oracle.dbtools.crest.model.design.logical.Entity" directorySegmentName="seg_0" id="C5FB9625-C84A-DBA4-8FD6-8CFA85832DA5" name="T_MEDICO">
<createdBy>Pedroso</createdBy>
<createdTime>2023-04-18 21:49:45 UTC</createdTime>
<ownerDesignName>ModelagemHealthTech</ownerDesignName>
<engineerTo>
<item key="58DF281E-9179-454A-37C2-41EF01A93542" value="true"/>
</engineerTo>
<adequatelyNormalized>NO</adequatelyNormalized>
<expectedVolumes>0</expectedVolumes>
<fwdEngineeringStrategyName>Single Table</fwdEngineeringStrategyName>
<growthPercent>0</growthPercent>
<growthType>Year</growthType>
<maxVolumes>9999999</maxVolumes>
<minVolumes>0</minVolumes>
<normalForm>Third</normalForm>
<attributes itemClass="oracle.dbtools.crest.model.design.logical.Attribute">
<Attribute name="id_medico" id="EA6A11C4-5D10-497C-4077-03AEE9856E1F">
<createdBy>Pedroso</createdBy>
<createdTime>2023-04-18 21:55:55 UTC</createdTime>
<ownerDesignName>ModelagemHealthTech</ownerDesignName>
<engineerTo>
<item key="58DF281E-9179-454A-37C2-41EF01A93542" value="true"/>
</engineerTo>
<useDomainConstraints>false</useDomainConstraints>
<use>1</use>
<logicalDatatype>LOGDT019</logicalDatatype>
<dataTypePrecision>8</dataTypePrecision>
<ownDataTypeParameters>,8,</ownDataTypeParameters>
</Attribute>
<Attribute name="nm_medico" id="C1B0F21F-B5BE-2BCB-0955-6FF89A49A96A">
<createdBy>Pedroso</createdBy>
<createdTime>2023-04-18 22:02:46 UTC</createdTime>
<ownerDesignName>ModelagemHealthTech</ownerDesignName>
<engineerTo>
<item key="58DF281E-9179-454A-37C2-41EF01A93542" value="true"/>
</engineerTo>
<useDomainConstraints>false</useDomainConstraints>
<use>1</use>
<logicalDatatype>LOGDT024</logicalDatatype>
<dataTypeSize>120</dataTypeSize>
<ownDataTypeParameters>120,,</ownDataTypeParameters>
</Attribute>
<Attribute name="nr_crm" id="339C0353-B5CB-1934-8D1E-20ED204D3972">
<createdBy>Pedroso</createdBy>
<createdTime>2023-04-18 21:56:27 UTC</createdTime>
<ownerDesignName>ModelagemHealthTech</ownerDesignName>
<engineerTo>
<item key="58DF281E-9179-454A-37C2-41EF01A93542" value="true"/>
</engineerTo>
<useDomainConstraints>false</useDomainConstraints>
<use>1</use>
<logicalDatatype>LOGDT019</logicalDatatype>
<dataTypePrecision>6</dataTypePrecision>
<ownDataTypeParameters>,6,</ownDataTypeParameters>
</Attribute>
<Attribute name="dt_contratacao" id="6C24021C-B856-B253-4338-AC7FF5963A5C">
<createdBy>Pedroso</createdBy>
<createdTime>2023-04-18 22:03:07 UTC</createdTime>
<ownerDesignName>ModelagemHealthTech</ownerDesignName>
<engineerTo>
<item key="58DF281E-9179-454A-37C2-41EF01A93542" value="true"/>
</engineerTo>
<useDomainConstraints>false</useDomainConstraints>
<use>1</use>
<logicalDatatype>LOGDT008</logicalDatatype>
<ownDataTypeParameters>,,</ownDataTypeParameters>
</Attribute>
<Attribute name="dt_nascimento" id="613A259D-062C-1841-5F12-A447ADDA1F79">
<createdBy>Pedroso</createdBy>
<createdTime>2023-04-18 22:03:52 UTC</createdTime>
<ownerDesignName>ModelagemHealthTech</ownerDesignName>
<engineerTo>
<item key="58DF281E-9179-454A-37C2-41EF01A93542" value="true"/>
</engineerTo>
<useDomainConstraints>false</useDomainConstraints>
<use>1</use>
<logicalDatatype>LOGDT008</logicalDatatype>
<ownDataTypeParameters>,,</ownDataTypeParameters>
</Attribute>
</attributes>
<identifiers itemClass="oracle.dbtools.crest.model.design.logical.CandidateKey">
<identifier id="8D36E8BC-FAEC-6E17-3819-23CEA1D57C83" name="T_MEDICO PK">
<createdBy>Pedroso</createdBy>
<createdTime>2023-04-18 21:56:10 UTC</createdTime>
<ownerDesignName>ModelagemHealthTech</ownerDesignName>
<shouldEngineer>false</shouldEngineer>
<engineerTo>
<item key="58DF281E-9179-454A-37C2-41EF01A93542" value="false"/>
</engineerTo>
<pk>true</pk>
<usedAttributes>
<attributeRef>EA6A11C4-5D10-497C-4077-03AEE9856E1F</attributeRef>
</usedAttributes>
</identifier>
</identifiers>
</Entity>
